,count,percent
wrong_value,1475,57.21489526764935
format_error,1103,42.78510473235066
hallucination,808,31.342125678820793
computational_error,342,13.266097750193948
high_latency,276,10.705973622963539
ambiguous_answer,126,4.887509697439875
off_by_one,109,4.228083785880528
excessive_verbosity,1,0.038789759503491075
